{
  "topology": [
    20,
    16,
    2
  ],
  "generation": 400,
  "fitness": 267.5,
  "weights": [
    1.0265262126922607,
    -3.670654058456421,
    0.8642752766609192,
    1.537461757659912,
    3.8986692428588867,
    2.483438730239868,
    -2.5327091217041016,
    -5.693282604217529,
    -5.118772029876709,
    0.9405910968780518,
    0.20425288379192352,
    1.1582417488098145,
    8.347371101379395,
    0.9779046773910522,
    1.7235996723175049,
    3.571362257003784,
    2.103240728378296,
    -3.9730241298675537,
    -0.9958873391151428,
    0.3819553554058075,
    -4.283402919769287,
    2.19033145904541,
    -0.2151101529598236,
    3.1778242588043213,
    4.861666202545166,
    1.3209246397018433,
    6.025859355926514,
    -1.73695707321167,
    -0.8449326157569885,
    0.4613119661808014,
    1.7662336826324463,
    2.980055809020996,
    -4.034448623657227,
    0.7191206812858582,
    -3.36340594291687,
    -1.2977815866470337,
    3.9695849418640137,
    -1.8625298738479614,
    4.6027727127075195,
    -0.7655928134918213,
    1.9111889600753784,
    -3.6679489612579346,
    -2.1699106693267822,
    3.19256854057312,
    -0.8082719445228577,
    -2.0174014568328857,
    -0.7376366257667542,
    1.237287163734436,
    -10.072478294372559,
    -2.5710442066192627,
    1.4099578857421875,
    -1.6963223218917847,
    0.7333204746246338,
    1.5771645307540894,
    3.362213134765625,
    4.382421016693115,
    -0.32647883892059326,
    -0.4943253695964813,
    3.919337272644043,
    -0.9289538860321045,
    1.0538524389266968,
    -4.342668056488037,
    -6.463150978088379,
    -0.2895370423793793,
    0.0671682208776474,
    -2.268066644668579,
    -0.6927068829536438,
    3.3118844032287598,
    -3.1548213958740234,
    -3.105314254760742,
    2.0229833126068115,
    -4.792130947113037,
    0.5203593969345093,
    -0.760981023311615,
    -4.65201473236084,
    1.6707894802093506,
    3.6754567623138428,
    5.019061088562012,
    0.4168374538421631,
    -0.8814775347709656,
    -1.5307589769363403,
    -1.9083930253982544,
    -2.4581408500671387,
    0.18053998053073883,
    -0.914529025554657,
    2.89375638961792,
    3.20824933052063,
    5.292057991027832,
    1.6275513172149658,
    -0.5364667177200317,
    -6.0292181968688965,
    3.650604724884033,
    -6.810508728027344,
    1.5834015607833862,
    1.8874599933624268,
    1.875597357749939,
    -1.9988322257995605,
    2.9360930919647217,
    -1.977271318435669,
    3.235614061355591,
    0.8078943490982056,
    -3.1771063804626465,
    -3.9633796215057373,
    1.6944915056228638,
    1.468433141708374,
    -2.3039257526397705,
    -0.4461665451526642,
    4.375904560089111,
    -1.4002925157546997,
    1.331203818321228,
    5.165229320526123,
    0.06523453444242477,
    1.063509464263916,
    6.726483345031738,
    -0.42684903740882874,
    2.344593048095703,
    -6.722510814666748,
    -6.0883259773254395,
    0.9449203014373779,
    1.4375735521316528,
    0.6800452470779419,
    -3.759803533554077,
    -2.7375357151031494,
    0.21663567423820496,
    0.8598151803016663,
    -3.633899450302124,
    6.595829486846924,
    0.5173230171203613,
    2.0987794399261475,
    3.384247303009033,
    1.3472771644592285,
    -0.3450471758842468,
    2.448744058609009,
    -3.2299585342407227,
    0.7769109606742859,
    5.706655025482178,
    -2.485442638397217,
    3.2180206775665283,
    0.3780112862586975,
    -0.9797167181968689,
    0.6125310063362122,
    -3.3219943046569824,
    8.109375,
    -6.247218608856201,
    -1.389845609664917,
    -3.033372163772583,
    7.285894870758057,
    -1.9848148822784424,
    -3.863858461380005,
    -3.823037624359131,
    3.326050043106079,
    4.400680065155029,
    0.6954151391983032,
    5.597552299499512,
    -2.8974361419677734,
    -3.4304232597351074,
    0.7247248888015747,
    2.549078941345215,
    -0.18237364292144775,
    4.009984493255615,
    6.196192741394043,
    -3.694427013397217,
    1.618719220161438,
    -4.825350284576416,
    -1.8856217861175537,
    -2.1702935695648193,
    8.206554412841797,
    2.518458843231201,
    -1.835930585861206,
    -1.404280662536621,
    6.196861267089844,
    -0.904332160949707,
    5.375997066497803,
    -3.648703098297119,
    -1.674847960472107,
    -1.2674349546432495,
    -6.165552616119385,
    -0.584522008895874,
    -3.358165979385376,
    3.3981337547302246,
    -1.4088144302368164,
    -2.975435972213745,
    -1.9075673818588257,
    0.6148515343666077,
    -4.200763702392578,
    -3.797593832015991,
    2.633363962173462,
    4.39169454574585,
    0.024463139474391937,
    1.8645076751708984,
    0.3587844967842102,
    -4.63495397567749,
    -0.9242104887962341,
    5.576005458831787,
    -2.3486194610595703,
    -3.1391210556030273,
    0.4238598346710205,
    -0.2265840619802475,
    3.1693050861358643,
    0.16288752853870392,
    2.5830183029174805,
    1.8887780904769897,
    -3.3525285720825195,
    -2.378964900970459,
    -0.45468440651893616,
    5.060963153839111,
    -10.33651351928711,
    -0.530656635761261,
    -0.021314768120646477,
    3.924161195755005,
    -0.1913823038339615,
    0.7601432800292969,
    0.4314054250717163,
    0.08672431856393814,
    0.5004751086235046,
    0.37435346841812134,
    -1.3938511610031128,
    -0.23763331770896912,
    4.542137145996094,
    2.0980632305145264,
    1.514998435974121,
    -3.206998348236084,
    3.860187530517578,
    -2.6684534549713135,
    1.5890394449234009,
    -2.7630958557128906,
    -0.536389946937561,
    0.8459479808807373,
    2.3745360374450684,
    -0.2614005506038666,
    -1.0198068618774414,
    -2.6044185161590576,
    -2.007294178009033,
    -3.2586817741394043,
    6.816677093505859,
    3.4727249145507812,
    -3.6120541095733643,
    -1.0149978399276733,
    -3.0650875568389893,
    -4.9493937492370605,
    -9.966531753540039,
    0.8581879138946533,
    -1.854698896408081,
    5.026087760925293,
    -2.464557647705078,
    4.7549238204956055,
    2.1907894611358643,
    -3.236691474914551,
    1.4049925804138184,
    1.8473351001739502,
    -2.343729019165039,
    0.7801275849342346,
    -0.9568430781364441,
    3.518587827682495,
    0.7099839448928833,
    2.696697235107422,
    1.6966874599456787,
    1.365388035774231,
    6.021525859832764,
    6.461795806884766,
    0.780757486820221,
    -1.1069968938827515,
    -5.6721625328063965,
    -0.5710917115211487,
    -1.310675859451294,
    -0.8979487419128418,
    -1.2733758687973022,
    -1.939781904220581,
    3.97817063331604,
    -3.5147316455841064,
    2.4558887481689453,
    2.347805976867676,
    0.9014074802398682,
    -5.360523700714111,
    0.44331419467926025,
    4.922668933868408,
    2.4661784172058105,
    5.628986835479736,
    -2.257446527481079,
    4.624269485473633,
    -2.2661194801330566,
    -4.214424133300781,
    -2.0958268642425537,
    -2.4330649375915527,
    -3.402219772338867,
    5.548866271972656,
    3.979085922241211,
    -3.6627161502838135,
    5.108806610107422,
    -0.23955471813678741,
    3.5819945335388184,
    -4.298354148864746,
    -0.5965204834938049,
    -1.6684625148773193,
    -2.904735803604126,
    2.253695487976074,
    -2.7547788619995117,
    0.22263474762439728,
    -4.496509075164795,
    0.18785671889781952,
    4.6484222412109375,
    2.69801926612854,
    -0.6942440867424011,
    -2.1063570976257324,
    -3.486074209213257,
    6.106200218200684,
    -6.349466323852539,
    0.014862668700516224,
    -1.182847499847412,
    -1.090142011642456,
    -4.004626274108887,
    -4.422472953796387,
    -0.7815092206001282,
    -3.8074443340301514,
    2.96631121635437,
    0.6873131394386292,
    0.9959377646446228,
    -3.5086278915405273,
    0.45702412724494934,
    0.7254330515861511,
    -3.1875743865966797,
    3.1622555255889893,
    -4.955986022949219,
    0.11843406409025192,
    -1.781050205230713,
    5.696895599365234,
    -0.7382675409317017,
    6.58351469039917,
