{
  "topology": [
    18,
    16,
    2
  ],
  "generation": 300,
  "fitness": 1728.4709785251941,
  "weights": [
    -2.4618382453918457,
    0.024006780236959457,
    3.7207908630371094,
    -1.138546347618103,
    -1.9899542331695557,
    3.556185245513916,
    0.5252354741096497,
    1.7161626815795898,
    -0.3385779559612274,
    4.096712589263916,
    1.936141848564148,
    1.9880729913711548,
    -6.181495189666748,
    -3.605024576187134,
    2.915325880050659,
    1.5763875246047974,
    -2.494971990585327,
    -0.86518794298172,
    -3.7256834506988525,
    -4.0171918869018555,
    5.36151123046875,
    -6.5139994621276855,
    0.4695205092430115,
    0.9281570911407471,
    -3.884143829345703,
    -0.9174737930297852,
    -0.2844974994659424,
    -2.5315945148468018,
    -5.081838130950928,
    -0.34581083059310913,
    1.224794626235962,
    4.271038055419922,
    -0.6443671584129333,
    3.1439154148101807,
    3.0989484786987305,
    2.211110830307007,
    -0.44264867901802063,
    -3.5373544692993164,
    1.8023165464401245,
    2.4907987117767334,
    0.05393536016345024,
    1.9646199941635132,
    -1.4633647203445435,
    -3.320748805999756,
    1.8386253118515015,
    -1.0692152976989746,
    -1.8601006269454956,
    -0.8031956553459167,
    8.002349853515625,
    -0.96454918384552,
    0.1362055540084839,
    -1.2066071033477783,
    -1.6998112201690674,
    -1.5642896890640259,
    -2.227654218673706,
    -8.819400787353516,
    2.6610774993896484,
    5.328624248504639,
    -2.716306209564209,
    -0.08913159370422363,
    6.511466026306152,
    -2.680992603302002,
    1.3073939085006714,
    0.0850524753332138,
    -0.2082502841949463,
    0.24663011729717255,
    1.3910576105117798,
    -0.8378700017929077,
    -0.25093168020248413,
    -1.0221806764602661,
    -5.792603492736816,
    -3.8754258155822754,
    -0.9865798354148865,
    -1.7277251482009888,
    -1.6380424499511719,
    -0.3746676743030548,
    -1.8637737035751343,
    0.7888864278793335,
    -5.181631088256836,
    4.7213850021362305,
    -2.418633222579956,
    -2.820172071456909,
    0.7432820796966553,
    -0.6458232402801514,
    -0.4192330837249756,
    2.025070905685425,
    -0.31999456882476807,
    -0.7960917949676514,
    1.8141072988510132,
    2.5798802375793457,
    1.1582525968551636,
    3.4723191261291504,
    0.9609129428863525,
    2.2707090377807617,
    4.745453357696533,
    2.097978115081787,
    2.2416985034942627,
    2.662782907485962,
    -1.5313736200332642,
    -2.408540964126587,
    -4.073119163513184,
    -1.2306888103485107,
    2.4166338443756104,
    -0.6818909049034119,
    1.8831400871276855,
    1.174761176109314,
    1.6274455785751343,
    0.9876249432563782,
    -3.4234132766723633,
    0.38028618693351746,
    0.445524126291275,
    0.6728032827377319,
    0.03051527962088585,
    -2.0857784748077393,
    7.93642520904541,
    -1.2286802530288696,
    -2.659945249557495,
    3.7051405906677246,
    0.22046655416488647,
    -6.2630085945129395,
    0.21894605457782745,
    -1.0516432523727417,
    0.559141993522644,
    -2.8768398761749268,
    -1.8196313381195068,
    1.198449969291687,
    6.697603702545166,
    3.438995122909546,
    -6.047633171081543,
    1.6824840307235718,
    -0.2879304885864258,
    -2.0822038650512695,
    -9.90293025970459,
    1.4798400402069092,
    1.5700223445892334,
    0.27106931805610657,
    0.4267605245113373,
    0.16642920672893524,
    0.7912867069244385,
    0.43063884973526,
    0.6168928742408752,
    0.22724471986293793,
    1.4681396484375,
    -0.7143339514732361,
    -0.11543058604001999,
    -1.9437917470932007,
    -1.1822932958602905,
    -6.444613456726074,
    0.0018920371076092124,
    -1.0595744848251343,
    1.7318118810653687,
    -2.2746775150299072,
    0.2884617745876312,
    -3.248542070388794,
    -1.7876346111297607,
    -0.4495307207107544,
    0.06317746639251709,
    -4.585904121398926,
    5.718621730804443,
    -0.6352024674415588,
    -8.24189281463623,
    -1.2231237888336182,
    1.7579201459884644,
    -4.042093753814697,
    2.6333413124084473,
    -3.2749321460723877,
    -2.636165142059326,
    -3.403822422027588,
    -2.9600629806518555,
    -5.3983845710754395,
    -0.4289349913597107,
    -0.9937725067138672,
    -1.2213993072509766,
    -2.3085689544677734,
    3.859509229660034,
    -1.9001048803329468,
    5.462950706481934,
    2.9938478469848633,
    1.326655387878418,
    -0.22342774271965027,
    -0.24668580293655396,
    -2.2262654304504395,
    -1.9968066215515137,
    -3.7889416217803955,
    -3.114192485809326,
    -0.2436726838350296,
    4.042929172515869,
    1.1025482416152954,
    -0.8576917052268982,
    -0.6477183699607849,
    3.3192667961120605,
    0.6727920770645142,
    -1.6992851495742798,
    4.705836772918701,
    -2.4172189235687256,
    -3.433358907699585,
    -2.091770887374878,
    -0.2241973876953125,
    0.5976982116699219,
    -1.546583890914917,
    0.808002769947052,
    0.7266231179237366,
    0.7125890254974365,
    0.380403995513916,
    -0.03644724562764168,
    -0.23004460334777832,
    -1.723080039024353,
    -2.146744966506958,
    -1.1835273504257202,
    2.1309049129486084,
    2.110224962234497,
    -0.25987881422042847,
    -2.3516969680786133,
    -0.7854565382003784,
    0.22911381721496582,
    -4.306242942810059,
    -2.944030523300171,
    -4.318698883056641,
    -1.8896154165267944,
    -1.039093255996704,
    -0.0025776217225939035,
    4.140612602233887,
    -1.0932230949401855,
    2.5418407917022705,
    1.979123830795288,
    -8.211577415466309,
    1.5547797679901123,
    3.0298829078674316,
    1.9237943887710571,
    2.0182547569274902,
    4.492440223693848,
    0.8444979786872864,
    3.3235080242156982,
    -2.6114883422851562,
    -3.7411181926727295,
    -1.5169401168823242,
    -3.559373378753662,
    2.4974937438964844,
    2.0842928886413574,
    2.1666040420532227,
    -4.264601707458496,
    1.6221774816513062,
    5.1317644119262695,
    -2.005809783935547,
    -0.09391826391220093,
    0.20006375014781952,
    -0.5887769460678101,
    -1.272709846496582,
    -7.180323123931885,
    -1.7047480344772339,
    1.4813926219940186,
    -0.5018186569213867,
    -2.9589993953704834,
    4.247786521911621,
    -2.520573377609253,
    1.344104290008545,
    2.013833522796631,
    -1.9254512786865234,
    -4.1020588874816895,
    1.77825129032135,
    -3.078212022781372,
    -1.2052528858184814,
    -4.212486743927002,
    -0.10041353851556778,
    -0.35766440629959106,
    -0.25027409195899963,
    4.3765692710876465,
    1.0529913902282715,
    4.498722553253174,
    0.7434830069541931,
    -1.884671688079834,
    5.670016288757324,
    -2.7862868309020996,
    2.0115089416503906,
    0.5486816167831421,
    5.672891616821289,
    -3.4403395652770996,
    -5.216879367828369,
    -1.8218969106674194,
    2.130795955657959,
    0.8794825077056885,
    2.856135368347168,
    -2.2257862091064453,
    -2.72845196723938,
    1.3132013082504272,
    1.0926448106765747,
    2.326655626296997,
    4.393835067749023,
    -0.5167998671531677,
    -1.3640352487564087,
    0.13515906035900116,
    -1.1547282934188843,
    1.8842626810073853,
    0.5863096714019775,
    -0.5542307496070862,
    -0.08635778725147247,
    -2.1043152809143066,
    0.2844443917274475,
    -1.942809820175171,
    -1.5071470737457275,
    -0.6366267204284668,
    -3.0341954231262207,
    -0.5076134204864502,
    2.81400203704834,
    0.986311137676239,
    0.8900871872901917,
    -2.1821656227111816,
    1.6880377531051636,
    -2.3896329402923584,
    1.635252594947815,
    2.0668272972106934,
    -8.664048194885254,
    -2.9318604469299316,
    0.13237421214580536,
    -0.9818418622016907,
    -1.3296223878860474,
    1.0079433917999268,
    -1.6589831113815308,
    -2.2669427394866943,
    -1.7200359106063843,
    0.5792239308357239,
    -1.6383103132247925,
    -0.7147135734558105,
    6.035848617553711,
