{
  "topology": [
    18,
    16,
    2
  ],
  "generation": 500,
  "fitness": 1375,
  "weights": [
    -0.23677174746990204,
    -1.5619988441467285,
    -0.08069752156734467,
    -1.6224298477172852,
    -2.6568713188171387,
    -1.596583604812622,
    -1.593978762626648,
    -0.6513934135437012,
    -3.036424160003662,
    0.7027488350868225,
    -0.9213859438896179,
    -1.2016068696975708,
    -1.4537718296051025,
    -1.0054371356964111,
    -0.3784851133823395,
    2.4341561794281006,
    -0.6127673983573914,
    -0.3503691554069519,
    1.7284458875656128,
    2.4187393188476562,
    -0.24815239012241364,
    -0.6448373198509216,
    -0.7086032032966614,
    -0.3994414806365967,
    -0.4295875132083893,
    -2.6053338050842285,
    2.1255390644073486,
    -0.47576943039894104,
    1.5941483974456787,
    -3.49980092048645,
    2.3662822246551514,
    3.1341989040374756,
    -1.863232970237732,
    -3.3211472034454346,
    -1.5841370820999146,
    -1.15579354763031,
    0.5042464137077332,
    -0.5288310647010803,
    -1.50813889503479,
    -1.0821101665496826,
    1.651842474937439,
    0.7869840264320374,
    -2.2466583251953125,
    -0.04667776823043823,
    -1.5233961343765259,
    -2.1668355464935303,
    -1.812005639076233,
    -1.5592570304870605,
    -0.1735004186630249,
    -0.27843648195266724,
    -1.4712958335876465,
    0.9879565834999084,
    2.74436616897583,
    -0.08651097863912582,
    1.6010204553604126,
    1.5352814197540283,
    1.6882799863815308,
    0.33196011185646057,
    3.006714344024658,
    -1.7129619121551514,
    4.20988130569458,
    -1.29739248752594,
    -0.8759590983390808,
    -1.6324689388275146,
    1.051651120185852,
    -2.301337242126465,
    0.46431243419647217,
    2.9626035690307617,
    -0.2526486814022064,
    -0.6591413617134094,
    -1.335121989250183,
    1.9920705556869507,
    0.1281246393918991,
    -2.731804609298706,
    1.561237096786499,
    1.2977300882339478,
    -2.056201934814453,
    -0.7039186358451843,
    2.8024442195892334,
    1.332126498222351,
    0.9737347364425659,
    2.085737466812134,
    1.9770801067352295,
    0.21543335914611816,
    0.23199717700481415,
    -2.516002893447876,
    1.061497688293457,
    -1.405234456062317,
    -0.8991668224334717,
    -1.0217769145965576,
    2.064114570617676,
    1.4774755239486694,
    -1.385658621788025,
    0.43800511956214905,
    -2.08109712600708,
    -0.14058512449264526,
    -0.6916312575340271,
    0.6883528828620911,
    1.0271499156951904,
    1.3404654264450073,
    -0.8961496353149414,
    -2.931145668029785,
    -0.9468786716461182,
    0.8425154089927673,
    2.073328971862793,
    2.520369291305542,
    -0.2610939145088196,
    3.811189889907837,
    -0.9385200142860413,
    -1.240958333015442,
    1.8175898790359497,
    2.5051186084747314,
    0.8902082443237305,
    2.032827377319336,
    2.104039192199707,
    -1.0316824913024902,
    -2.253229856491089,
    -5.101494312286377,
    -1.4923856258392334,
    -3.1305952072143555,
    -1.8414019346237183,
    -1.055010437965393,
    -0.28491395711898804,
    0.321829229593277,
    2.3988912105560303,
    -0.9022123217582703,
    -1.1545779705047607,
    2.0606603622436523,
    -0.16484369337558746,
    1.289612054824829,
    0.5853200554847717,
    -2.9994709491729736,
    1.959816575050354,
    -3.4643373489379883,
    -0.5859189629554749,
    -2.658414602279663,
    -1.8154057264328003,
    1.95368492603302,
    1.0054190158843994,
    -0.0957903042435646,
    -1.3026890754699707,
    0.6952144503593445,
    -1.2170859575271606,
    1.2856526374816895,
    -0.39346733689308167,
    -2.3268306255340576,
    1.372331142425537,
    -4.507198333740234,
    2.459578037261963,
    -1.2278491258621216,
    0.9275373816490173,
    0.21908038854599,
    1.9708248376846313,
    -0.5325407981872559,
    -0.3037665784358978,
    1.227019190788269,
    -0.06301728636026382,
    -0.17390598356723785,
    -1.1710854768753052,
    1.088570237159729,
    -1.2211956977844238,
    1.2165926694869995,
    -2.8109350204467773,
    0.39610010385513306,
    -2.108534812927246,
    -0.798345148563385,
    -1.5219162702560425,
    0.3324415683746338,
    0.42969241738319397,
    -3.4419307708740234,
    -1.2434790134429932,
    0.7139914035797119,
    0.49445125460624695,
    -1.7301102876663208,
    -0.899759829044342,
    -0.12807148694992065,
    0.25426149368286133,
    1.3795033693313599,
    0.2938401401042938,
    -0.565162181854248,
    -1.3404910564422607,
    0.7920197248458862,
    -1.8977941274642944,
    -2.337402105331421,
    0.17490625381469727,
    1.3788981437683105,
    1.6056495904922485,
    2.8437044620513916,
    -0.43355104327201843,
    -0.8040421605110168,
    -0.23404057323932648,
    0.2225048840045929,
    -3.047572374343872,
    -0.3853100836277008,
    -1.1102865934371948,
    2.3684699535369873,
    -3.5471856594085693,
    -2.164740800857544,
    -3.3566503524780273,
    1.9294430017471313,
    0.8331987857818604,
    4.071335792541504,
    -0.2857489287853241,
    -1.5525764226913452,
    0.3544352352619171,
    0.29966628551483154,
    1.174757719039917,
    -1.0395911931991577,
    -1.7562484741210938,
    1.0488084554672241,
    -0.27392780780792236,
    -2.9082932472229004,
    -2.006906509399414,
    -2.3438849449157715,
    1.6867070198059082,
    -0.026792945340275764,
    -1.2201435565948486,
    -0.33940741419792175,
    -1.448788046836853,
    0.8694475293159485,
    -0.9559977650642395,
    2.870878219604492,
    -2.363044500350952,
    1.588042974472046,
    1.023708701133728,
    2.3964593410491943,
    3.4111521244049072,
    4.405138969421387,
    0.6595392823219299,
    -0.019542330875992775,
    1.0863953828811646,
    -0.5633446574211121,
    1.3747919797897339,
    1.195451021194458,
    1.0165292024612427,
    -1.3315281867980957,
    -0.055975232273340225,
    -1.0423015356063843,
    -0.3255784511566162,
    0.9663000106811523,
    0.4076169729232788,
    -1.8122957944869995,
    -0.11987066268920898,
    0.9388132095336914,
    -2.0497896671295166,
    1.4871097803115845,
    2.2247567176818848,
    -0.3622533977031708,
    -0.4548265039920807,
    -1.6170849800109863,
    0.4701279401779175,
    -0.0722327008843422,
    -0.7907276749610901,
    0.962019681930542,
    -0.6587527990341187,
    0.6997553110122681,
    1.8671704530715942,
    -1.2573214769363403,
    0.5199841856956482,
    -3.0309982299804688,
    1.6577197313308716,
    0.6409652829170227,
    -2.4857678413391113,
    -3.6259586811065674,
    -0.2981799244880676,
    0.2877703309059143,
    -2.83347749710083,
    -1.5803216695785522,
    2.0754168033599854,
    0.08706437051296234,
    0.33730533719062805,
    -1.4072829484939575,
    2.2634479999542236,
    0.6137122511863708,
    2.479071855545044,
    1.3674691915512085,
    1.8598207235336304,
    -3.3873703479766846,
    -0.20900104939937592,
    0.3712063729763031,
    1.3199615478515625,
    -2.0588862895965576,
    -1.5570372343063354,
    0.8560705780982971,
    0.7952210307121277,
    -0.6705734133720398,
    0.40256693959236145,
    -0.9691312313079834,
    -1.161626935005188,
    0.07062093913555145,
    -0.34479817748069763,
    -0.44632142782211304,
    -1.6533204317092896,
    -0.7241514921188354,
    -0.5322427153587341,
    3.7535295486450195,
    -0.4776664674282074,
    -0.7259069085121155,
    -0.4366337060928345,
    -1.9309648275375366,
    -0.15879377722740173,
    0.21772024035453796,
    -2.7466912269592285,
    1.768178939819336,
    -0.8130181431770325,
    -0.34346696734428406,
    -1.8675135374069214,
    0.5033284425735474,
    -0.5193700790405273,
    1.7594870328903198,
    1.3523104190826416,
    0.874697208404541,
    0.5763311982154846,
    -0.23682565987110138,
    0.14809425175189972,
    -0.45905259251594543,
    -0.12310460954904556,
    -0.7898994088172913,
    0.4572543203830719,
    2.847419500350952,
    3.20816707611084,
    3.883035659790039,
    -0.14594827592372894,
