{
  "topology": [
    20,
    16,
    2
  ],
  "generation": 300,
  "fitness": 1748.3799769410691,
  "weights": [
    4.817117214202881,
    -1.0672487020492554,
    0.4754963517189026,
    -0.5197616815567017,
    -1.5062568187713623,
    4.431812286376953,
    -1.9329379796981812,
    3.606625556945801,
    -1.9979907274246216,
    -1.394174337387085,
    0.3732762336730957,
    0.9558652639389038,
    -1.327473521232605,
    -3.1691765785217285,
    -0.574830949306488,
    -0.3389028012752533,
    3.89397931098938,
    -1.6189237833023071,
    3.8608527183532715,
    1.0469573736190796,
    -0.9155840873718262,
    1.9113885164260864,
    0.7029009461402893,
    1.5438549518585205,
    -3.4108171463012695,
    0.9742529392242432,
    1.7288498878479004,
    -0.40341639518737793,
    0.6756235957145691,
    -3.160820722579956,
    0.5442555546760559,
    -1.9589641094207764,
    2.298144578933716,
    -2.054947853088379,
    0.5975384712219238,
    -1.1611183881759644,
    4.0156378746032715,
    -3.8054747581481934,
    2.0186543464660645,
    2.947821855545044,
    -0.03904925659298897,
    -0.9686470627784729,
    0.71648108959198,
    -2.8090920448303223,
    -0.7770760655403137,
    0.1149507388472557,
    5.393296241760254,
    -3.6235721111297607,
    -1.0038950443267822,
    -1.4591498374938965,
    -4.384401321411133,
    1.065661072731018,
    -3.2848806381225586,
    4.792984485626221,
    1.0370639562606812,
    1.8935199975967407,
    3.9941933155059814,
    0.750216007232666,
    3.998891592025757,
    0.44808220863342285,
    6.231693267822266,
    -2.5436930656433105,
    1.4516860246658325,
    3.2215209007263184,
    -4.23917818069458,
    2.9936835765838623,
    -1.3543405532836914,
    -2.8524515628814697,
    -4.313042640686035,
    -0.47461897134780884,
    0.5330502986907959,
    1.957800030708313,
    -4.393134593963623,
    0.685398519039154,
    2.4979324340820312,
    0.002929173642769456,
    -5.962345600128174,
    5.709470748901367,
    0.7651053071022034,
    1.296852946281433,
    1.746854305267334,
    0.06492485851049423,
    2.5366406440734863,
    -1.7127922773361206,
    -0.19898808002471924,
    0.7035024762153625,
    -1.1355366706848145,
    -1.5101760625839233,
    4.6373491287231445,
    3.498724937438965,
    -2.5788156986236572,
    1.0083798170089722,
    1.3093770742416382,
    3.313764810562134,
    1.4570341110229492,
    -1.2491214275360107,
    0.06966642290353775,
    -0.36391690373420715,
    -2.376830577850342,
    -8.81596851348877,
    -1.5059078931808472,
    -0.3738214373588562,
    1.0035696029663086,
    2.993485927581787,
    -1.3382329940795898,
    -1.6030244827270508,
    1.6834036111831665,
    -0.43517884612083435,
    2.248239278793335,
    3.2020697593688965,
    8.088397026062012,
    -2.1461212635040283,
    -0.9585307240486145,
    4.830629825592041,
    -0.9936023354530334,
    -5.7694525718688965,
    0.09729906916618347,
    1.57900071144104,
    0.38415300846099854,
    -0.5453058481216431,
    6.422905921936035,
    0.38187289237976074,
    1.4486029148101807,
    5.787113666534424,
    1.323776125907898,
    -2.1908936500549316,
    0.36392852663993835,
    -0.3129633069038391,
    0.6797503232955933,
    -0.5722842216491699,
    0.29035311937332153,
    5.218911647796631,
    -6.497292995452881,
    -4.387767791748047,
    0.3002690076828003,
    -2.165604829788208,
    4.0820841789245605,
    2.0262510776519775,
    1.4823877811431885,
    -0.07465697824954987,
    -0.5408843755722046,
    2.1760683059692383,
    0.5284541249275208,
    1.2097573280334473,
    -1.9817001819610596,
    1.7116514444351196,
    -3.6720457077026367,
    4.8372673988342285,
    -1.6428470611572266,
    1.7368990182876587,
    -2.499102830886841,
    -0.9651211500167847,
    -4.876033306121826,
    -2.8065614700317383,
    0.35797548294067383,
    -0.14098715782165527,
    1.6187043190002441,
    -0.45204633474349976,
    0.5797451138496399,
    0.3425663113594055,
    -3.1200830936431885,
    1.737417459487915,
    -6.233035087585449,
    0.7575401663780212,
    2.352022886276245,
    -1.2977573871612549,
    -1.5409404039382935,
    -2.298234224319458,
    -3.1126549243927,
    0.3628993630409241,
    0.23527629673480988,
    2.280679225921631,
    -1.981216311454773,
    -0.703014612197876,
    -1.5944050550460815,
    1.1954561471939087,
    0.696345329284668,
    -7.502252578735352,
    0.9591959118843079,
    0.7122350335121155,
    0.3983009159564972,
    0.6112251877784729,
    -1.1244361400604248,
    -1.563227653503418,
    3.4975645542144775,
    4.1145195960998535,
    2.4560205936431885,
    -0.7472634315490723,
    -0.2411891520023346,
    0.800215482711792,
    4.569842338562012,
    1.2416807413101196,
    -0.32366135716438293,
    -0.5541993975639343,
    -0.9660442471504211,
    -2.152941942214966,
    3.858799695968628,
    -1.5875540971755981,
    -7.546518325805664,
    -0.27727192640304565,
    -2.817908763885498,
    1.6701804399490356,
    0.49318766593933105,
    -2.1218132972717285,
    3.8829448223114014,
    1.4828766584396362,
    2.1908745765686035,
    -2.609567165374756,
    0.3355439603328705,
    -8.794931411743164,
    0.31480202078819275,
    2.5843920707702637,
    3.8806090354919434,
    -2.429351568222046,
    -3.119509696960449,
    -0.10063864290714264,
    -4.862613201141357,
    -0.30386480689048767,
    3.450697422027588,
    0.2483775019645691,
    0.776997983455658,
    0.8163155317306519,
    -1.4593960046768188,
    2.8344414234161377,
    0.9323933720588684,
    -1.1593337059020996,
    -0.7936292290687561,
    -0.6449974179267883,
    -1.8701987266540527,
    3.4667320251464844,
    0.4685089886188507,
    -3.3267102241516113,
    -2.3068552017211914,
    0.2993299961090088,
    1.7525285482406616,
    -2.4380486011505127,
    0.06433408707380295,
    -1.732790231704712,
    0.6205476522445679,
    7.179595947265625,
    2.152409076690674,
    2.9376819133758545,
    -3.8008270263671875,
    -0.8239766359329224,
    0.9844478368759155,
    0.02319497987627983,
    -0.24042397737503052,
    0.5300732254981995,
    -0.7216584086418152,
    -6.035468101501465,
    3.0647337436676025,
    -2.8419744968414307,
    -6.285236358642578,
    -0.5511149764060974,
    -1.626387119293213,
    -1.199684977531433,
    -0.956518292427063,
    0.4513430595397949,
    -4.353553295135498,
    -4.667853355407715,
    -5.515414714813232,
    -1.0510430335998535,
    4.396921634674072,
    -0.3161138594150543,
    0.26203638315200806,
    2.1679129600524902,
    14.462295532226562,
    2.127469539642334,
    0.4889454245567322,
    0.5482986569404602,
    -0.1625026911497116,
    0.41486525535583496,
    -0.8905000686645508,
    0.762902021408081,
    -0.1304045170545578,
    -1.1882481575012207,
    0.10917719453573227,
    1.4252538681030273,
    1.0142889022827148,
    -0.34385642409324646,
    -2.745068073272705,
    2.1912872791290283,
    -1.8741832971572876,
    0.01328407321125269,
    -3.508180856704712,
    -2.3830955028533936,
    -0.7534669637680054,
    -0.35535019636154175,
    -3.4996325969696045,
    1.2984157800674438,
    -1.0143357515335083,
    -2.5589871406555176,
    1.7230478525161743,
    1.6546953916549683,
    0.12489063292741776,
    1.2487260103225708,
    -0.9045281410217285,
    3.028564929962158,
    1.473414659500122,
    -1.8162428140640259,
    4.687817096710205,
    -1.606115460395813,
    1.3892005681991577,
    -0.6405991911888123,
    0.5723622441291809,
    3.492588996887207,
    -0.8425689339637756,
    -5.415693283081055,
    -0.5196897983551025,
    1.5637880563735962,
    4.5110554695129395,
    1.4442598819732666,
    0.1026664599776268,
    0.3283122181892395,
    1.3633763790130615,
    0.18425290286540985,
    -0.801725447177887,
    1.7639120817184448,
    -0.5039857625961304,
    2.3862662315368652,
    1.3249536752700806,
    -2.56315541267395,
    4.287808895111084,
    -3.3810417652130127,
